Test,Round_1 Failure,Round_2 Failure
Test_1,yes,no
Test_2,yes,no
Test_3,yes,no
Test_4,yes,no
Test_5,yes,no
Test_6,no,no
Test_7,yes,no
Test_8,no,no
Test_9,yes,no
Test_10,yes,no
Test_11,yes,no
Test_12,no,no
Test_13,yes,no
Test_14,yes,no
Test_15,yes,no
Test_16,yes,no
Test_17,yes,no
Test_18,yes,no
Test_19,yes,no
Test_20,yes,no
Test_21,yes,no
Test_22,yes,yes
Test_23,yes,yes
Test_24,yes,no
Test_25,yes,no
Test_26,yes,yes
Test_27,yes,no
Test_28,yes,no
Test_29,yes,no
Test_30,yes,no
Test_31,yes,no
Test_32,yes,no
Test_33,yes,yes
Test_34,yes,no
Test_35,yes,yes
Test_36,yes,no
Test_37,yes,no
Test_38,yes,no
Test_39,no,no
Test_40,no,no
Test_41,yes,no
Test_42,no,no
Test_43,no,no
Test_44,no,no
Test_45,no,no
Test_46,no,no
Test_47,no,no
Test_48,no,no
Test_49,no,no
Test_50,no,no
Test_51,no,no
Test_52,no,no
Test_53,no,no
Test_54,no,no
Test_55,no,no
Test_56,no,no
Test_57,no,no
Test_58,no,no
Test_59,no,no
Test_60,no,no
Test_61,no,no
Test_62,no,no
Test_63,yes,no
Test_64,no,no
Test_65,no,no
Test_66,yes,no
Test_67,yes,no
Test_68,yes,no
Test_69,yes,no
Test_70,yes,no
Test_71,yes,no
Test_72,yes,no
Test_73,no,no
Test_74,yes,no
Test_75,yes,no
Test_76,yes,no
Test_77,yes,no
Test_78,yes,no
Test_79,yes,no
Test_80,yes,no
Test_81,yes,no
Test_82,yes,no
Test_83,yes,no
Test_84,yes,no
Test_85,yes,no
Test_86,yes,no
Test_87,yes,no
Test_88,yes,no
Test_89,no,no
Test_90,yes,no
Test_91,yes,no
Test_92,no,no
Test_93,yes,no
Test_94,yes,no
Test_95,no,no
Test_96,yes,no
Test_97,yes,no
Test_98,yes,no
Test_99,yes,no
Test_100,yes,no
Test_101,yes,yes
Test_102,yes,no
Test_103,yes,no
Test_104,yes,no
Test_105,yes,no
Test_106,yes,no
Test_107,yes,yes
Test_108,yes,no
Test_109,yes,no
Test_110,no,no
Test_111,no,no
Test_112,yes,no
Test_113,yes,no
Test_114,yes,no
Test_115,yes,no
Test_116,no,no
Test_117,yes,no
Test_118,yes,no
Test_119,yes,no
Test_120,yes,no
Test_121,yes,no
Test_122,no,no
Test_123,yes,no
Test_124,no,no
Test_125,yes,no
Test_126,no,no
Test_127,no,no
Test_128,no,no
Test_129,yes,no
Test_130,yes,no
Test_131,no,no
Test_132,no,no
Test_133,no,no
Test_134,no,no
Test_135,no,no
Test_136,yes,no
Test_137,yes,no
Test_138,no,no
Test_139,no,no
Test_140,yes,no
Test_141,yes,no
Test_142,no,no
Test_143,yes,no
Test_144,no,no
Test_145,no,no
Test_146,yes,no
Test_147,yes,no
Test_148,yes,no
Test_149,yes,no
Test_150,yes,no
Test_151,no,no
Test_152,no,no
Test_153,yes,no
Test_154,yes,no
Test_155,yes,no
Test_156,yes,no
Test_157,no,no
Test_158,no,no
Test_159,no,no
Test_160,no,no
Test_161,no,no
Test_162,yes,yes
Test_163,no,no
Test_164,no,no
Test_165,no,no
Test_166,yes,yes
Test_167,no,no
Test_168,yes,no
Test_169,no,no
Test_170,no,no
Test_171,no,no
Test_172,no,no
Test_173,no,no
Test_174,no,no
Test_175,no,no
Test_176,no,no
Test_177,yes,no
Test_178,yes,no
Test_179,yes,no
Test_180,yes,no
Test_181,no,no
Test_182,yes,no
Test_183,yes,no
Test_184,yes,no
Test_185,no,no
Test_186,no,no
Test_187,no,no
Test_188,no,no
Test_189,yes,no
Test_190,no,no
Test_191,yes,no
Test_192,no,no
Test_193,yes,no
Test_194,no,no
Test_195,yes,no
Test_196,yes,no
Test_197,yes,no
Test_198,no,no
Test_199,yes,no
Test_200,yes,no
Test_201,yes,no
Test_202,no,no
Test_203,yes,no
